[{"line":1,"elements":[{"start_timestamp":"2022-01-03T12:31:55.172Z","before":[{"result":{"duration":5457252200,"status":"passed"},"match":{"location":"com.mindtree.stepDefination.Hooks.startUp()"}}],"line":3,"name":"Verify if the text Gillette MACH3 Turbo present in products","description":"","id":"hover-to-products;verify-if-the-text-gillette-mach3-turbo-present-in-products","after":[{"result":{"duration":84705200,"status":"passed"},"match":{"location":"com.mindtree.stepDefination.Hooks.tearDown()"}}],"type":"scenario","keyword":"Scenario","steps":[{"result":{"duration":5357600,"status":"passed"},"line":4,"name":"Open website","match":{"location":"com.mindtree.stepDefination.BrandsStepDefination.go_to_website()"},"after":[{"result":{"duration":505647200,"status":"passed"},"match":{"location":"com.mindtree.stepDefination.Hooks.takess(io.cucumber.java.Scenario)"}}],"keyword":"Given "},{"result":{"duration":1590647700,"status":"passed"},"line":5,"name":"Hover on Products Choose MACH3 under Brands","match":{"location":"com.mindtree.stepDefination.BrandsStepDefination.hover_on_products_choose_mach3_under_brands()"},"after":[{"result":{"duration":279738400,"status":"passed"},"match":{"location":"com.mindtree.stepDefination.Hooks.takess(io.cucumber.java.Scenario)"}}],"keyword":"When "},{"result":{"status":"passed"},"line":6,"name":"Verify Gillette MACH3 Turbo is displayed under  products","match":{"location":"com.mindtree.stepDefination.BrandsStepDefination.verify_gillette_mach3_turbo_is_displayed_under_products()"},"after":[{"result":{"duration":279639100,"status":"passed"},"match":{"location":"com.mindtree.stepDefination.Hooks.takess(io.cucumber.java.Scenario)"}}],"keyword":"Then "}]}],"name":"Hover to products","description":"","id":"hover-to-products","keyword":"Feature","uri":"file:Features/testcase1.feature","tags":[]},{"line":1,"elements":[{"start_timestamp":"2022-01-03T12:32:03.424Z","before":[{"result":{"duration":5024788900,"status":"passed"},"match":{"location":"com.mindtree.stepDefination.Hooks.startUp()"}}],"line":10,"name":"Validating Razor result","description":"","id":"search-razor-and-validate;validating-razor-result;;2","after":[{"result":{"duration":113334100,"status":"passed"},"match":{"location":"com.mindtree.stepDefination.Hooks.tearDown()"}}],"type":"scenario","keyword":"Scenario Outline","steps":[{"result":{"duration":997200,"status":"passed"},"line":4,"name":"Open website","match":{"location":"com.mindtree.stepDefination.BrandsStepDefination.go_to_website()"},"after":[{"result":{"duration":468429500,"status":"passed"},"match":{"location":"com.mindtree.stepDefination.Hooks.takess(io.cucumber.java.Scenario)"}}],"keyword":"Given "},{"result":{"duration":295611800,"status":"passed"},"line":5,"name":"I search Razor search option","match":{"location":"com.mindtree.stepDefination.RazorStepDefination.i_search_razor_search_option()"},"after":[{"result":{"duration":514218300,"status":"passed"},"match":{"location":"com.mindtree.stepDefination.Hooks.takess(io.cucumber.java.Scenario)"}}],"keyword":"When "},{"result":{"status":"passed"},"line":6,"name":"I verify the results of Razor displayed","match":{"location":"com.mindtree.stepDefination.RazorStepDefination.i_verify_the_results_of_razor_displayed()"},"after":[{"result":{"duration":227721600,"status":"passed"},"match":{"location":"com.mindtree.stepDefination.Hooks.takess(io.cucumber.java.Scenario)"}}],"keyword":"Then "}]}],"name":"Search Razor and Validate","description":"","id":"search-razor-and-validate","keyword":"Feature","uri":"file:Features/testcase2.feature","tags":[]},{"line":1,"elements":[{"start_timestamp":"2022-01-03T12:32:10.098Z","before":[{"result":{"duration":5592353800,"status":"passed"},"match":{"location":"com.mindtree.stepDefination.Hooks.startUp()"}}],"line":3,"name":"Validate if Facial Hair Styles: The Anchor Bear","description":"","id":"footer-section-validation;validate-if-facial-hair-styles:-the-anchor-bear","after":[{"result":{"duration":37246000,"status":"passed"},"match":{"location":"com.mindtree.stepDefination.Hooks.tearDown()"}}],"type":"scenario","keyword":"Scenario","steps":[{"result":{"duration":997300,"status":"passed"},"line":4,"name":"Open website","match":{"location":"com.mindtree.stepDefination.BrandsStepDefination.go_to_website()"},"after":[{"result":{"duration":470184900,"status":"passed"},"match":{"location":"com.mindtree.stepDefination.Hooks.takess(io.cucumber.java.Scenario)"}}],"keyword":"Given "},{"result":{"duration":265450600,"status":"passed"},"line":5,"name":"Click on Styling under learn","match":{"location":"com.mindtree.stepDefination.StyleStepDefination.click_on_styling_under_learn()"},"after":[{"result":{"duration":495837600,"status":"passed"},"match":{"location":"com.mindtree.stepDefination.Hooks.takess(io.cucumber.java.Scenario)"}}],"keyword":"When "},{"result":{"duration":984100,"status":"passed"},"line":6,"name":"Verify Facial Hair Styles The Anchor Bear is displayed under styling","match":{"location":"com.mindtree.stepDefination.StyleStepDefination.verify_facial_hair_styles_the_anchor_bear_is_displayed_under_styling()"},"after":[{"result":{"duration":416980700,"status":"passed"},"match":{"location":"com.mindtree.stepDefination.Hooks.takess(io.cucumber.java.Scenario)"}}],"keyword":"Then "}]}],"name":"Footer section validation","description":"","id":"footer-section-validation","keyword":"Feature","uri":"file:Features/testcase3.feature","tags":[]}]